{
  "greedy_time": 0.2456974983215332,
  "milp_time": 116.98567843437195,
  "agent_time": 91.33168363571167,
  "total_time": 208.64971828460693,
  "iterations": 5
}