{
  "greedy_time": 0.26012206077575684,
  "milp_time": 126.97794961929321,
  "agent_time": 0.3944733142852783,
  "total_time": 127.71565985679626,
  "iterations": 5
}