{
  "total_time": 47.82195591926575,
  "greedy_time": 0.48185205459594727,
  "milp_time": 0.45831751823425293,
  "agent_time": 46.83334922790527,
  "initial_utilization": 0.47031055900621116,
  "final_utilization": 0.5651888341543514,
  "iterations": 5,
  "sections_adjusted": 125
}